id|name|description|visited|dark|locked|temp
1|Bedroom|You are in your bedroom. It's a bit bare, but it is your space. Your closet is to the NORTH, an eastern window overlooks the yard, and the door to the hallway is WEST.|0|0|0|0
2|Closet|It's your closet. It's a mess.|0|0|0|0
3|Hallway|A tiny hallway. To the NORTH is the bathroom. To the WEST is your dad's room. To the EAST is your bedroom. To the SOUTH are the stairs to go down to the living room.|0|0|0|0
4|Bathroom|It's a bathroom. It has a sink, toilet, and shower. What did you expect?|0|0|0|0
5|Locked Room|To be fair, you only assume this is your dad's bedroom. He always keeps it locked, and you've never seen inside.|0|0|1|0
6|Living Room|This is where you tend to hang out, when not in your room. There is a study to the EAST, and the kitchen to the WEST. The door to the front porch is SOUTH.|0|0|0|0
7|Study|The study always seems dark, even with the lights on. It's a quiet place to work though.|0|0|0|0
8|Kitchen|You've never seen your dad cook, but there always seems to be food waiting for you in the kitchen.|0|0|0|0
9|Porch|You've heard other people sit on their front porch and watch life go by. You really don't understand it though. Nothing ever happens on your street. The door to the front yard is SOUTH.|0|0|0|0
10|Front of House|You look at the road: empty as usual.|0|0|0|0
11|East of House|You spent many summers playing out in the yard growing up. It hasn't been the same since you moved out.|0|0|0|0
12|Back of House|There's not much back here, the house sits right against the tree line of a forest. There's a path leading into the forest to the north.|0|0|0|0
13|West of House|Before you moved out, it was your job to keep the grass cut. Looks like your dad hasn't been keeping up with that. He's always been so busy with work.|0|0|0|0
14|E/W Road|The road stretches long and straight to the EAST and WEST. The town (and the rest of civilization, basically) is to your WEST. You've never had a reason to go EAST.|0|0|0|0
15|E/W Road|It's a long and empty road.|0|0|0|0
16|E/W Road|This road seems to go on forever.|0|0|0|0
17|W/E Road|It's not too long a walk to town. It's just across the bridge.|0|0|0|0
18|W/E Road|You encounter a sign. "BRIDGE OPEN AHEAD" Well, guess we can go into town today.|0|0|0|0
19|Bridge|It's the old bridge that leads to town. It's not a very long walk.|0|0|0|0
20|Town Entrance|It's the entrance to town. Nothing seems to be going on today, it's quiet.|0|0|0|0
21|Main Street|The town's main street. The town square is to the WEST. To the SOUTH is an alleyway.|0|0|0|0
22|Alleyway|A narrow alleyway. Looks like it's a dead-end.|0|0|0|0
23|Town Square|The central hub of the town. The fountain is to the NORTH. To the EAST and WEST is the main street. To the SOUTH is the shops. To the SOUTHWEST is a park.|0|0|0|0
24|Fountain|The town's fountain. It doesn't seem as impressive as the one in your memories.|0|0|0|0
25|Main Street|The town's main street. The town square is to the EAST. To the SOUTH is another entrance to the park. To the WEST is a neighborhood, but you don't know anyone living there.|0|0|0|0
26|S/N Street|To the EAST is a small shop. There used to be shops all along this street, but many of the other shops shut down. The street continues to the SOUTH.|0|0|0|0
27|S/N Street|There's an old store to the WEST. It's been here for as long as you can remember. This street eventually leads to another town, but there's no reason to head that way.|0|0|0|0
28|Small Shop|You encounter a sign. "STORE CLOSED" No shopping today, then.|0|0|0|0
29|Old Store|You encounter a sign. "STORE CLOSED" No shopping today, then.|0|0|0|0
30|Park|You used to come here quite a bit. It seems to have become overgrown though. To the NORTH is the main street. To the NORTHEAST is the town square. To the WEST is another section of the park.|0|0|0|0
31|Park|This section of the park is just as overgrown. It is nice and quiet though.|0|0|0|0